country,iso_alpha3,year,fdi_net_inflow,fdi_net/gdp,elec_access,gov_effect,gcf,trade,gdp_deflat,gdp/cap,school_enroll,labour
Bangladesh,BGD,2000,280384629.677982,0.525362089236087,32.0,-0.607652246952057,1717082946700.0,29.3217143619038,3.44665934914798,396.670730249751,5.25165987014771,49048139.0
Bangladesh,BGD,2001,78527040.0772573,0.145443904569924,35.0,-0.667194187641144,1853328701700.0,32.0980170730117,3.26116013222439,394.65641001891,6.17244005203247,50230500.0
Bangladesh,BGD,2002,52304931.038967,0.0955793676464671,37.8,-0.726736128330231,1990847781400.0,28.9673807211649,3.8928674350377,393.886422327628,5.91559982299805,51244757.0
Bangladesh,BGD,2003,268285231.831688,0.44596078329809,40.5,-0.838938593864441,2143294043600.0,27.657884900158,5.81581664789621,426.74880754362,5.99128007888794,52208969.0
Bangladesh,BGD,2004,448905400.707684,0.689472335587339,40.6,-0.93288254737854,2319228046300.0,26.8582341492431,4.5621363796936,455.614016909798,5.55667018890381,53140734.0
Bangladesh,BGD,2005,813321971.875195,1.17065167448603,44.2,-0.918954312801361,2545669121100.0,34.396934864465,4.58636070641845,480.08585075452,6.13484001159668,54049068.0
Bangladesh,BGD,2006,456523167.703824,0.635863899506714,50.5,-0.838699102401733,2797383696900.0,38.1119244325921,5.87593581109938,490.388026533289,7.07040023803711,54908227.0
Bangladesh,BGD,2007,651029738.054822,0.817756922700044,46.5,-0.70753276348114,2997309002500.0,39.9423826531735,6.47126010502515,537.955492792911,7.66305017471313,55892527.0
Bangladesh,BGD,2008,1328422986.5175,1.4496579161576,54.3,-0.738396406173706,3291498056000.0,42.6209140325589,7.86096609394262,613.06204104124,8.62265968322754,56846810.0
Bangladesh,BGD,2009,901286583.13086,0.879517142536145,57.1,-0.802756428718567,3534678693500.0,40.092796223023,6.76435468091874,679.211477428056,10.4939298629761,57807404.0
Bangladesh,BGD,2010,1232258246.59254,1.06896766308322,55.3,-0.753689587116241,3837410558600.0,37.8028426708321,7.14466302810841,757.385280361508,11.8801271989064,58796583.0
Bangladesh,BGD,2011,1264725163.33408,0.983399364184761,59.6,-0.772120714187622,4204303353200.0,47.4208498356898,7.85945085272492,837.336944695647,13.2663245348367,59281113.0
Bangladesh,BGD,2012,1584403459.98465,1.18850391920183,65.5,-0.807726144790649,4648602761100.0,48.1109227490467,8.16457367624635,859.680536375497,13.4211598649529,59869794.0
Bangladesh,BGD,2013,2602962095.36816,1.73532012481503,61.5,-0.797781109809875,4897983647500.0,46.2964027228174,7.17495343232414,958.262989798283,13.4900578063704,60484221.0
Bangladesh,BGD,2014,2539190939.6837,1.46870305074204,62.4,-0.775071203708649,5380682450000.0,44.5140801968096,5.66878852513904,1094.46199702838,13.5777392703559,61204476.0
Bangladesh,BGD,2015,2831152765.15514,1.4507824552936,74.0,-0.752009570598602,5763722511700.0,42.0859963070382,5.87277704102323,1224.38647668165,15.5739926180902,61920877.0
Bangladesh,BGD,2016,2332724780.71107,0.879528340271998,75.9,-0.705847561359406,6277234000000.0,31.3341501346142,27.8507377248339,1649.28380858601,17.3985207411042,62629015.0
Bangladesh,BGD,2017,1810395803.56746,0.616341784631384,88.0,-0.752013146877289,6801984000000.0,29.9997306724343,5.04759758203714,1811.08221668646,18.5175604399834,66147765.0
Bangladesh,BGD,2018,2421626238.43716,0.75354913412869,86.9,-0.762283682823181,7627262000000.0,32.5146317240884,5.80553876704575,1965.24372731467,19.5710492453779,67683856.0
Bangladesh,BGD,2019,1908045387.02684,0.543244141585063,92.2,-0.753539621829987,8152039000000.0,31.5780544912404,3.65813755162172,2129.79896954606,22.7094642473405,69165404.0
Bangladesh,BGD,2020,1525312160.40492,0.407859894856915,96.2,-0.779491305351257,8473708000000.0,26.271447376215,3.84106338588026,2248.85078828233,22.6923019564501,70314500.0
Bangladesh,BGD,2021,1723856464.12345,0.414118154040593,99.0,-0.653351545333862,9159297000000.0,27.7240047036631,4.1211747067957,2482.84917843357,23.9006822335243,72637932.0
Bangladesh,BGD,2022,1601074338.25183,0.347960024540439,99.4,-0.763355314731598,10226664000000.0,33.7799672705735,5.04902187883131,2716.48592780431,23.5005059888653,74651451.0
Bangladesh,BGD,2023,1484418066.45822,0.339361232770537,99.5,-0.697334110736847,10452771000000.0,30.9829714104596,6.89712404003441,2551.01773827307,24.2003442708621,74789575.0
Cambodia,KHM,2000,118308566.31088,3.20257592365608,16.6,-0.897491276264191,5489871483700.0,110.397125303731,-3.23183761779971,296.426687526334,1.86557996273041,5758610.0
Cambodia,KHM,2001,146481995.063844,3.53337669089546,9.5,-0.8527437746524811,5659630946700.0,111.771741244001,6.39768180690317,327.500984314444,1.97913002967834,5954751.0
Cambodia,KHM,2002,130956363.872694,2.90934773211661,13.1,-0.807996273040771,7064068489000.0,118.269562072288,1.99307788083713,350.147276634294,2.33661007881165,6150602.0
Cambodia,KHM,2003,81580650.5580651,1.61651685032136,19.3,-0.918026566505432,7845195830900.0,120.074969093599,3.27258919409623,386.691123931778,3.01460003852844,6346615.0
Cambodia,KHM,2004,131416229.281784,2.2337173477841,14.2,-0.907455146312714,8585484990500.0,131.351481056276,7.50279728095273,444.199067529081,3.07344007492065,6561970.0
Cambodia,KHM,2005,379180190.600282,5.36603852621255,20.5,-1.00211262702942,10163249224000.0,133.551965265648,8.0167045733216,525.797325120926,3.77035999298096,6779458.0
Cambodia,KHM,2006,483209382.712787,5.78657071926189,27.5,-0.981054723262787,12222891461600.0,140.348734318483,6.79728556994954,612.252648550727,6.20005989074707,7006763.0
Cambodia,KHM,2007,867288538.643543,8.56334609470361,20.2,-0.912372171878815,13580698328300.0,133.700023826819,8.60024943029427,731.692295125426,7.67417001724243,7242199.0
Cambodia,KHM,2008,815180217.958376,6.69590818514056,26.4,-1.00112020969391,15830211543000.0,130.393510678736,11.7884320279306,866.283999789749,8.92994976043701,7248715.0
Cambodia,KHM,2009,928393617.348897,7.42542554520067,25.6,-0.960240483283997,16757682532900.0,102.2879490147,0.751138640296162,875.748936193569,10.6747398376465,7740705.0
Cambodia,KHM,2010,1404315448.88529,10.169807189939,31.1,-0.96263325214386,15639082212300.0,109.998400607758,6.26499886932319,952.274616324008,12.1998596191406,8200397.0
Cambodia,KHM,2011,1538883424.9002,9.59845134883877,37.4,-0.872488141059875,17476956449500.0,109.790505166814,4.95076723151411,1088.98152823081,11.4902860215331,8456181.0
Cambodia,KHM,2012,1988102944.64495,11.1524912445112,42.3,-0.821808159351349,20747076604700.0,116.740233418212,2.63843608534771,1192.80263041673,12.021585756941326,8380559.0
Cambodia,KHM,2013,2068470774.00468,10.4430587644193,50.9,-0.914554417133331,24169722730200.0,124.887552768657,2.8690452471251,1305.6600972686,12.55288549234955,8249987.0
Cambodia,KHM,2014,1853471158.0992,8.40902020300656,56.1,-0.698889017105103,26709000000000.0,124.454908526693,3.29936912050763,1431.56396469993,13.084185227757775,8400442.0
Cambodia,KHM,2015,1822804151.25711,7.54029662001984,62.7,-0.742889702320099,29342387953600.0,122.109596815379,3.06935934141643,1547.32010444393,13.615484963166,8465622.0
Cambodia,KHM,2016,2475915853.65762,9.32318507305764,68.8,-0.741827428340912,33127495538900.0,122.704555602667,1.58007480575829,1675.19555711109,13.0668189806761,8833454.0
Cambodia,KHM,2017,2788084321.65815,9.49760203098743,89.1,-0.695688724517822,35806565241300.0,121.155451298689,2.07650709154852,1826.35391688754,12.5181529981862,8936644.0
Cambodia,KHM,2018,3212633447.04469,9.69240300027112,80.7,-0.599801898002625,42124142845900.0,118.43765541305,3.81658094506807,2036.67377566578,13.2671737077763,9127738.0
Cambodia,KHM,2019,3663032999.47048,9.98500044202808,84.0,-0.623299896717072,48232813271300.0,115.736679072448,2.79255741070172,2225.87705485686,12.9409846754696,9329147.0
Cambodia,KHM,2020,3624644990.13295,10.410239809326,86.4,-0.450370341539383,47349876876900.0,122.105396346568,-0.824281402832511,2081.73914242939,13.8767573747135,9480039.0
Cambodia,KHM,2021,3483461605.65372,9.4684591111041,82.5,-0.474705845117569,49582871754200.0,146.179846509715,2.64573403501885,2167.40324198499,13.5005634857238,9341945.0
Cambodia,KHM,2022,3578831295.87392,8.94830125779534,92.3,-0.351413905620575,52251608897200.0,145.873632761406,3.48890016581984,2325.03050040841,14.6069513022825,9850128.0
Cambodia,KHM,2023,3958792378.8864,9.35096701989758,95.0,-0.305874288082123,52067756238000.0,134.206842395931,1.01760752524498,2429.74853452838,17.4362364390629,10027889.0
China,CHN,2000,42095300000.0,3.43984725315719,96.7,-0.158842876553535,4876641175000.0,39.0109424774998,2.09978437202267,969.199513696287,7.57777976989746,706837950.0
China,CHN,2001,47053000000.0,3.47245235578959,97.0,-0.1409700401127335,5889770613800.0,38.0826469518334,2.21204915451887,1065.40597574519,9.28069019317627,715928584.0
China,CHN,2002,53073618897.4036,3.56241418263928,97.2,-0.123097203671932,6658781116700.0,42.1944423387413,0.642696005802719,1163.55957673426,11.8050804138184,725938760.0
China,CHN,2003,57900937467.3864,3.43849537731211,97.4,-0.147587299346924,8246967897800.0,51.0774801301803,2.64267979825424,1306.97245408557,14.513970375061,735682023.0
China,CHN,2004,68117272181.2194,3.43299015092913,97.7,-0.109930388629436,9830001853700.0,58.6403340408439,6.99019221145223,1530.92726215723,16.9004402160644,744936890.0
China,CHN,2005,104108693867.085,4.49218509012467,97.9,-0.140640497207642,10873863848400.0,61.3600749408237,3.74871769990521,1777.64496828464,18.6565208435059,754465388.0
China,CHN,2006,124082035618.505,4.44499743873593,98.2,0.0357880145311356,12534236281400.0,63.5695798621627,4.01945759696591,2129.25696999613,20.5667705535889,761959276.0
China,CHN,2007,156249335203.201,4.33537500236917,98.5,0.165997371077538,14717751086500.0,61.2664640006176,7.91365944548899,2734.72709877693,21.4715595245361,766486940.0
China,CHN,2008,171534650311.568,3.67520717506325,98.8,0.165779024362564,16760257242000.0,56.7111330003209,7.85658646463206,3523.44302065213,21.8667392730713,769779554.0
China,CHN,2009,131057052869.5,2.52538984334254,99.1,0.0932420492172241,20264252655700.0,44.4197644331119,-0.0819669419831399,3898.24459158811,23.2886295318604,772141043.0
China,CHN,2010,243703434558.177,3.93541996731512,99.7,0.0918448567390442,23462036565300.0,49.8540722338977,6.92845731295996,4629.24551710077,25.2883066277701,773873234.0
China,CHN,2011,280072219149.934,3.65069190228423,99.9,0.0836087092757225,25511590720200.0,49.9458272253643,8.0160629287619,5703.76027973346,26.7875039907406,778275581.0
China,CHN,2012,241213868161.42,2.78099138181613,99.9,0.0153677640482783,27461837742800.0,47.4802130784317,2.40518412725621,6405.0574241349,29.3081906903292,779022561.0
China,CHN,2013,290928431467.003,2.98598708261986,100.0,-0.00512068951502442,30060331689600.0,45.9160413795571,2.29799397401945,7147.03518622344,32.7191603158803,779251311.0
China,CHN,2014,268097181064.335,2.51155883670463,100.0,0.354851633310318,32315210050700.0,44.0684564812532,1.09109126562731,7781.06597484974,43.7110051016854,780370287.0
China,CHN,2015,242489331627.398,2.14957284731563,100.0,0.417423009872437,33463647250100.0,38.6971848362625,0.137261200602396,8175.33285077393,47.1192619330726,781077009.0
China,CHN,2016,174749584584.05,1.52539470315394,100.0,0.356383770704269,35780344147500.0,36.177170692978,1.47744121334065,8254.86859320357,49.309077375597,780932880.0
China,CHN,2017,166083755721.648,1.32468971748482,100.0,0.416875630617142,38031421915800.0,36.95085261586,4.14602237470578,8979.67652709856,51.0678812273407,779166682.0
China,CHN,2018,235365050036.341,1.66361992284408,100.0,0.496678441762924,40601831428700.0,36.8943843914718,3.46789777292169,10085.6638148819,53.3987984572814,776868988.0
China,CHN,2019,187169822364.755,1.28549226847992,100.0,0.544862508773804,42279598488300.0,35.1994202738836,1.31550650702985,10342.9009524335,56.6050917923292,775928449.0
China,CHN,2020,253095616058.58,1.68770756292082,100.0,0.643971681594849,44056770000000.0,34.0389507864581,0.53000081660457,10627.4637989619,61.6124675996947,760877838.0
China,CHN,2021,344074977062.48,1.8903454142588,100.0,0.80791163444519,45803943976100.0,36.5206911762676,4.47386132078888,12887.4357242941,66.8186077597542,781187865.0
China,CHN,2022,190203789092.51,1.03841365474349,100.0,0.494212538003922,47110397733900.0,37.440719876366,1.93427407840763,12970.6056414327,71.5799465086024,770113477.0
China,CHN,2023,51338076801.59,0.280991103634816,100.0,0.679014027118683,48729235117500.0,36.1051923691138,-0.50570453916356,12951.1782397043,74.5933014618366,774607590.0
India,IND,2000,3584217307.18755,0.765211694280817,60.3,-0.187351524829865,9981439189100.0,26.9009229104474,3.64497015989629,442.750218937263,9.93826007843018,409617771.0
India,IND,2001,5128093561.62688,1.05638020993358,62.0,-0.1882099732756615,10437229651000.0,25.9932547534365,3.21561601727176,450.357900514128,10.0273504257202,418764922.0
India,IND,2002,5208967106.27894,1.01156946489919,62.3,-0.189068421721458,11226326002000.0,29.5086629350614,3.71568377761413,469.149928973927,10.5586500167847,427829074.0
India,IND,2003,3681984671.43428,0.605887857091792,65.4,-0.143909424543381,12989361812000.0,30.592436132908,3.8677980853483,544.143133545002,11.0576400756836,436753652.0
India,IND,2004,5429250989.85717,0.765596855110284,64.4,-0.179698884487152,16252328617400.0,37.503814059447,5.72541322793228,624.258826510066,11.3926801681519,445825854.0
India,IND,2005,7269407225.61438,0.886098378458823,68.8,-0.0987746343016624,18929638604400.0,42.0016696148691,5.6219032632798,710.488080408949,11.1277303695679,454832471.0
India,IND,2006,20029119267.1396,2.13016842534495,67.9,-0.0953764915466309,21873275704400.0,45.7244804992652,8.40093821740371,801.668353659022,11.9628095626831,457611460.0
India,IND,2007,25227740886.6819,2.07339404668754,72.3,0.136991709470749,25683975406200.0,45.686268679348,6.9444182524999,1021.88707706826,13.6564798355103,460225575.0
India,IND,2008,43406277075.8108,3.6205232354017,74.1,-0.00973291415721178,25018115327800.0,53.3682204392226,9.19396962637209,992.519584923828,15.6485204696655,462536166.0
India,IND,2009,35581372929.6641,2.65159033235479,75.0,-0.00329578877426684,28415748687400.0,46.2728696428837,7.04036543564477,1094.94974598436,16.6775093078613,464953334.0
India,IND,2010,27396885033.7838,1.6350340943491,76.3,0.0316559858620167,32792313731700.0,49.2552064974161,10.5260308551661,1347.51939071367,18.5417674124116,467561989.0
India,IND,2011,36498654597.8589,2.0020634629993,79.5,0.0225540697574615,34587493901100.0,55.6238800135298,8.73357890618065,1445.46127486037,23.2662700315422,471891929.0
India,IND,2012,23995685014.2141,1.31293453035323,79.9,-0.15608711540699,36072704742600.0,55.7937217287511,7.9343874779296,1429.32199520032,24.7312097156735,476101422.0
India,IND,2013,28153031270.3202,1.5162764665975,83.1,-0.157355144619942,34735614037700.0,53.8441319466777,6.18650400083453,1432.84397512195,24.1638328511587,484466830.0
India,IND,2014,34576643694.1382,1.69565958990806,85.1,-0.222846582531929,37408040959700.0,48.9221857470669,3.33175691706154,1553.88396075118,25.7536113063693,492680645.0
India,IND,2015,44009492129.5319,2.09211521443253,88.0,0.0800815001130104,39177263063100.0,41.9229138658647,2.27958810849833,1583.99815907985,27.0646411471569,500640619.0
India,IND,2016,44458571545.798,1.9373641224439,89.6,0.0613894164562225,40616858265300.0,40.082485713276,3.23797495080767,1707.50892912243,27.0875990028504,508681288.0
India,IND,2017,39966091358.7384,1.50731583255894,91.8,0.0410966314375401,45018218727400.0,40.7424969545225,3.96925793352338,1950.10468280866,27.7311089156625,516713963.0
India,IND,2018,42117450737.2644,1.55821483801456,95.7,0.262917786836624,49949844695300.0,43.6169693323889,3.88424027196663,1966.25455171679,28.3540737878038,524292869.0
India,IND,2019,50610647353.5911,1.78482633957161,95.9,0.130771830677986,48656429437300.0,39.9054035306442,2.40551716106513,2041.42863698585,28.7996949674505,531373378.0
India,IND,2020,64362364994.3754,2.40620322673636,96.5,0.374532461166382,45059566219900.0,37.7581053292768,4.81485791893405,1907.04251637669,29.5619706114824,532528354.0
India,IND,2021,44727277562.881,1.41217101040888,99.6,0.249238416552544,54575651297000.0,45.4230887840446,8.35490771481598,2239.61384367482,31.3171017843903,550352877.0
India,IND,2022,49940258404.2659,1.49248825904,99.2,0.369541674852371,58720478471200.0,50.0752701498882,5.89714185891133,2347.44829434623,32.4539938196142,569155867.0
India,IND,2023,28086193530.3979,0.771919134264091,99.5,0.47511014342308,64900044063800.0,44.9928422877561,2.59194954513768,2530.12031278204,34.0091701770575,589486854.0
Indonesia,IDN,2000,-4550355285.71428,-2.75743993350903,86.3,-0.366054028272629,-6048280374390400.0,71.4368759173731,20.4474568521459,763.711124950924,14.810640335083,101308307.0
Indonesia,IDN,2001,-2977391857.14286,-1.85568619300523,86.3,-0.458288535475731,-7808660230475500.0,69.7932075256238,14.2957154362836,732.307093405708,14.1229801177978,102354432.0
Indonesia,IDN,2002,145085548.722222,0.0741516383181159,87.6,-0.550523042678833,-1612150603377300.0,59.0794617663723,5.89605169318483,881.002913569131,14.6824598312378,102498864.0
Indonesia,IDN,2003,-596923827.786241,-0.254256320381005,87.9,-0.596454501152039,-8634936571451500.0,53.6164937473016,5.48742913790147,1043.2105838671,15.7722797393799,103909546.0
Indonesia,IDN,2004,1896082770.0,0.738243979887563,89.0,-0.490505009889603,-3996526909443100.0,59.761294836691,8.55072703186366,1126.84004447173,16.1766300201416,105759801.0
Indonesia,IDN,2005,8336257207.64285,2.91611483313067,84.8,-0.502644717693329,-5644155942385400.0,63.9879358688635,14.3317870842712,1238.21447629488,16.6967105865479,105482562.0
Indonesia,IDN,2006,4914201435.40071,1.34794264068931,90.6,-0.348611891269684,-4647596449573100.0,56.6571268148867,14.0874244167926,1558.31562847163,16.767240524292,106957017.0
Indonesia,IDN,2007,6928480000.0,1.6030105718879,91.1,-0.307463616132736,1749126824169300.0,54.8292499782075,11.2585785308971,1823.21976255073,17.5765991210938,112145843.0
Indonesia,IDN,2008,9318453649.82664,1.82632902403998,92.7,-0.262719124555588,1435340596220700.0,58.5613996312961,18.1497512494676,2124.55483920618,20.5209503173828,114200383.0
Indonesia,IDN,2009,4877369178.4365,0.90391941965406,93.6,-0.330059111118317,2402607613507700.0,45.5121213687054,8.27475243172853,2218.48541852977,22.6933307647705,115441860.0
Indonesia,IDN,2010,15292009410.5099,2.02517914569356,94.2,-0.266941010951996,2256935280000000.0,46.7012738758737,15.2642936576449,3065.68348377765,23.4159086398462,118205102.0
Indonesia,IDN,2011,20564938226.7185,2.30298429381592,94.8,-0.321591943502426,2434566437685500.0,50.1800131841104,7.46594303367513,3579.46442466152,25.027444191823,120648289.0
Indonesia,IDN,2012,21200778607.8726,2.30978031853073,96.0,-0.330479681491852,2701911895932200.0,49.5828982992627,3.75387875323653,3632.27254030331,29.0425391195214,123448397.0
Indonesia,IDN,2013,23281742361.5305,2.55135633401058,96.5,-0.244262352585793,2778828599583100.0,48.6373726752893,4.96599029131677,3566.60284506078,29.894529174265,124097473.0
Indonesia,IDN,2014,25120732059.5134,2.81997260412102,97.0,-0.0666907653212547,2936053396913400.0,48.0801755855227,5.44317454935612,3441.06808464008,29.9904910473273,125645513.0
Indonesia,IDN,2015,19779127976.9576,2.29761639380441,97.5,-0.325818121433258,3024203892452400.0,41.9376402415294,3.98024266013961,3288.22269725538,32.4590200433758,127299364.0
Indonesia,IDN,2016,4541713739.23769,0.487372471368879,97.6,-0.0507822521030903,3174984826433200.0,37.4213418023318,2.43892408688207,3521.46943457574,34.8307173410877,128501300.0
Indonesia,IDN,2017,20510310832.4469,2.01948919812582,98.1,-0.0197342690080404,3355646564541800.0,39.3554970704606,4.29267812199525,3798.88326174526,35.967012362631,130940742.0
Indonesia,IDN,2018,18909826043.5105,1.81428979349441,98.5,0.141379877924919,3641679886563800.0,43.0743089552002,3.81832356943335,3860.95353090726,36.1494878042588,134532894.0
Indonesia,IDN,2019,24993551748.0098,2.23336204282241,98.9,0.138700008392334,3727617965182300.0,37.6277775357108,1.59848849984144,4106.94856160358,37.3230862728703,137425585.0
Indonesia,IDN,2020,19175077747.8077,1.81058402027127,97.0,0.31706503033638,3470515737856500.0,32.9721754002427,-0.401651435218994,3853.70288774146,38.1650601406923,137375390.0
Indonesia,IDN,2021,21213080329.8582,1.7878556314554,99.2,0.346443444490433,3611927887326000.0,40.2047582749671,6.00397322136207,4287.17313995098,40.6293239880732,135672770.0
Indonesia,IDN,2022,24702029705.0926,1.87264100861425,100.0,0.436147511005402,3757322970000000.0,45.4646701959453,9.56898756346934,4730.83484836107,42.3260385456152,139637843.0
Indonesia,IDN,2023,21543358781.3828,1.57116694173474,99.4,0.58032637834549,3952894420000000.0,41.3362868707652,1.53013198443368,4876.30774512252,44.8813034886441,143318723.0
"Iran, Islamic Republic of",IRN,2000,39000000.0,0.0355866340456932,97.9,-0.492341905832291,1.73771496268366e+16,41.2572474638031,24.9292605186771,1650.01385833785,18.780179977417,19476868.0
"Iran, Islamic Republic of",IRN,2001,408118760.0,0.321660450664957,98.1,-0.55452136695385,1.99436255267504e+16,40.535566479523,14.8054189518948,1881.02266635283,19.4918804168701,20409991.0
"Iran, Islamic Republic of",IRN,2002,3519380360.0,2.73611498145264,98.1,-0.616700828075409,2.36005106949392e+16,48.1726865520657,28.2796940877293,1891.25756091033,18.2758693695068,21179010.0
"Iran, Islamic Republic of",IRN,2003,2877481500.0,1.89418626211609,98.2,-0.565392553806305,2.78530219679066e+16,50.6791057753261,13.1363946141701,2208.99636552406,19.4057903289795,22044846.0
"Iran, Islamic Republic of",IRN,2004,3037299840.0,1.61769687939769,98.3,-0.501296877861023,2.93772933542487e+16,51.3138573265888,24.7082423969632,2672.4226651404,21.3706798553467,23217005.0
"Iran, Islamic Republic of",IRN,2005,2889191670.0,1.28425430112768,98.4,-0.662730693817139,2.83729347467446e+16,54.4404952635536,20.1661915986707,3132.0508192007,22.6841907501221,24431517.0
"Iran, Islamic Republic of",IRN,2006,2317538500.0,0.872560020177082,98.4,-0.555354535579681,2.97908193644052e+16,53.1673587143845,14.5825930336829,3618.91601364428,25.3070392608643,24828699.0
"Iran, Islamic Republic of",IRN,2007,2017791750.0,0.5769461352122,98.7,-0.648909568786621,3.36625400451971e+16,49.8873069225934,22.9390613526636,4687.99166260718,29.8213806152344,25004744.0
"Iran, Islamic Republic of",IRN,2008,1979988010.0,0.487596567096289,98.8,-0.682821750640869,3.69188464322485e+16,48.2294027741438,19.4219808659436,5377.4115072957,36.1939392089844,24252328.0
"Iran, Islamic Republic of",IRN,2009,2983421910.0,0.720530462050838,99.7,-0.577192842960358,3.80829739210984e+16,43.6995802243585,4.59851691743872,5415.52280553446,36.4833183288574,25116620.0
"Iran, Islamic Republic of",IRN,2010,3648972410.0,0.74916862626536,99.4,-0.49773833155632,4.17790521239306e+16,43.7706437371399,15.8826259725109,6291.19443655454,42.5482215881348,25068937.0
"Iran, Islamic Republic of",IRN,2011,4276718690.0,0.679834574763516,99.5,-0.452714681625366,3.99714066142788e+16,41.2194147918578,33.4095331560984,8025.68743364356,48.0596084594727,24409383.0
"Iran, Islamic Republic of",IRN,2012,4661734400.0,0.723850091355471,99.5,-0.542041420936584,3.71324525451962e+16,44.0893466807452,18.9538841448278,8114.08099831877,53.9002494812012,25434392.0
"Iran, Islamic Republic of",IRN,2013,3049945000.0,0.609501593960532,99.8,-0.690026342868805,3.37754745348185e+16,47.0867179194755,36.7756318862083,6222.74194840326,56.4632682800293,25379809.0
"Iran, Islamic Republic of",IRN,2014,2105494000.0,0.45545387401938,100.0,-0.438457310199738,3.51350287340783e+16,45.3514201413161,9.75876873256342,5672.06372896319,64.4999084472656,25523109.0
"Iran, Islamic Republic of",IRN,2015,2050000000.0,0.500987695412685,100.0,-0.253069669008255,2.14440707182208e+16,39.42258866118,0.197001678736953,4952.73355532178,70.6858520507812,26476760.0
"Iran, Islamic Republic of",IRN,2016,3372000000.0,0.70452835935243,100.0,-0.237505525350571,2.84811753618417e+16,39.8772417738866,14.0650205569588,5710.59947089104,67.9112319946289,27579337.0
"Iran, Islamic Republic of",IRN,2017,5019000000.0,0.983654956177998,99.9,-0.241994991898537,3.13578446257109e+16,43.1556931383906,12.7875737214138,6000.93346404409,66.351448059082,28624101.0
"Iran, Islamic Republic of",IRN,2018,2373000000.0,0.576106085876311,100.0,-0.47861048579216,2.77198764324866e+16,56.6153496142829,32.9114031837064,4783.01067340237,60.8611488342285,29067669.0
"Iran, Islamic Republic of",IRN,2019,1508000000.0,0.433347777066285,100.0,-0.599589228630066,2.57082068871997e+16,48.5917712137038,30.9338554764076,3997.4935449585,58.1169509887695,29161250.0
"Iran, Islamic Republic of",IRN,2020,1342000000.0,0.47769170946132,100.0,-1.01759469509125,2.82979060394284e+16,43.8844674905013,46.5767903520112,3202.50003502169,55.6366691589355,27655908.0
"Iran, Islamic Republic of",IRN,2021,1425000000.0,0.34982143161472,100.0,-0.887051045894623,2.94348059294638e+16,42.672379536261,55.8629923089886,4605.14881318992,54.2834014892578,27754866.0
"Iran, Islamic Republic of",IRN,2022,1500000000.0,0.354893288694741,100.0,-0.882911622524261,3.17010659174252e+16,48.9183508223052,51.0776555189838,4721.20437099984,58.6677703857422,27880537.0
"Iran, Islamic Republic of",IRN,2023,1422333330.0,0.310885408088419,100.0,-1.02239692211151,3.28795270004286e+16,49.3935500960203,37.2937420604748,5049.29931642754,58.6677703857422,29026520.0
Malaysia,MYS,2000,3787631578.94736,4.03842862393763,98.6,0.99294239282608,192711826500.0,220.406788982074,8.85521685144839,4083.52874483605,27.5522994995117,9003136.0
Malaysia,MYS,2001,553947368.421052,0.597029318252079,98.6,0.95722422003746,145210700400.0,203.364636010653,-1.58187391181744,3943.79943910239,26.960880279541,9319049.0
Malaysia,MYS,2002,3192894736.8421,3.16612432250471,98.6,0.92150604724884,185919536400.0,199.356232695655,3.12888319863409,4184.03163773539,28.92991065979,9642825.0
Malaysia,MYS,2003,3218947368.42105,2.92094209456765,98.7,1.04106783866882,165647831100.0,194.195129056831,3.29893287687825,4465.32194567208,31.2641696929932,9976922.0
Malaysia,MYS,2004,4376052631.57894,3.50787262049412,98.7,1.04575204849243,190648573600.0,210.374265897124,6.00928261482106,4939.24851854427,29.779899597168,10324666.0
Malaysia,MYS,2005,3924786634.73868,2.73438734940078,98.7,1.04338908195496,154199375600.0,203.854644595624,8.8625864706771,5555.58179951206,27.1163005828857,10688442.0
Malaysia,MYS,2006,7690731245.66746,4.72716484834358,98.8,1.23769116401672,177795408100.0,202.577146840398,3.98093167351242,6158.40785533236,27.6703605651856,11067941.0
Malaysia,MYS,2007,9071369834.83859,4.68684578287436,98.9,1.22411561012268,195329322200.0,192.465506357652,4.88132335727943,7168.93031942508,29.375789642334,11462139.0
Malaysia,MYS,2008,7572512432.33634,3.28081949125174,99.0,1.05022716522217,195694029500.0,176.668324785148,10.3889003992836,8371.82156086005,32.9037017822266,11872645.0
Malaysia,MYS,2009,114664434.56228,0.056692316075743,99.3,0.895370304584503,137781719100.0,162.558970452699,-5.99220155562196,7191.43287234626,35.0602111816406,12298453.0
Malaysia,MYS,2010,10885801851.6194,4.26864663854031,99.5,1.04647839069366,238429555400.0,157.944764886771,7.26684593389439,8899.34505544675,36.6774305573553,12720268.0
Malaysia,MYS,2011,15119439203.9543,5.07446032143377,99.5,0.98675674200058,238487826600.0,154.937684607226,5.41240809007968,10217.1068585031,35.5661790570975,13112179.0
Malaysia,MYS,2012,8895774250.70401,2.82905738174529,99.8,0.906338155269623,277695953900.0,147.841754766013,0.999932303470885,10600.5744240026,36.825516807355,13636640.0
Malaysia,MYS,2013,11296279513.9209,3.49431175959971,99.6,0.993431925773621,266907091600.0,142.720991464873,0.17447448132144,10713.6407638899,38.0700970900265,14173536.0
Malaysia,MYS,2014,10619431582.9781,3.14122940365348,99.7,1.14593541622162,255749380100.0,138.312231176843,2.46746678366378,11013.3107334403,38.3919142029325,14721580.0
Malaysia,MYS,2015,9857162111.82329,3.27094402931735,99.9,0.91708517074585,299228626000.0,131.37007244526,1.21805573355338,9648.6797937523,44.289909239243,15103051.0
Malaysia,MYS,2016,13470089920.807,4.47130958598651,99.9,0.817718744277954,312487338000.0,126.8990100257,1.65825996642414,9476.53409809923,45.4034659569972,15415068.0
Malaysia,MYS,2017,9368469822.66145,2.9358203805856,100.0,0.77773243188858,332124464000.0,133.155173371956,3.77896094306453,9862.54806612235,42.293211695146,15779343.0
Malaysia,MYS,2018,8304480741.65266,2.31458721219734,100.0,1.05388987064362,326914759000.0,130.402625502126,0.624674674586643,10901.8019954421,43.3100279300797,16212579.0
Malaysia,MYS,2019,9154921685.03934,2.50697705748044,100.0,0.967774987220764,314653136000.0,123.028562027943,0.0718269093121364,10920.191763972,40.8082966813944,16636582.0
Malaysia,MYS,2020,4058769678.64231,1.20275464255821,100.0,1.02225887775421,276710985000.0,116.788182437638,-0.818007729183023,9957.52626697613,39.7445667367633,16871915.0
Malaysia,MYS,2021,20245157326.8023,5.41626377085161,100.0,0.952433526515961,299991564000.0,134.035994690727,5.67593848764116,10903.1037480772,38.1899993008367,17233270.0
Malaysia,MYS,2022,15027992710.6144,3.68486215546291,100.0,0.992667615413666,322846135000.0,146.424604753908,6.29629950333799,11754.5678336248,36.9853099297291,17730042.0
Malaysia,MYS,2023,7918601050.23635,1.97990062716743,100.0,0.875369668006897,345860779000.0,132.593461641599,-1.84898373559957,11386.0395636528,37.2745812491757,18064842.0
Nepal,NPL,2000,-484826.712274881,-0.00882425294523833,29.9,-0.396729677915573,177089341100.0,55.7105890041319,4.47243371871953,223.830289183078,4.12185001373291,5995668.0
Nepal,NPL,2001,20850000.0,0.347091875363344,24.6,-0.49746279418468453,177089341100.0,55.7999210803706,11.0171482958921,240.795114544664,4.40957021713257,6115063.0
Nepal,NPL,2002,-5952541.12704631,-0.0983748686510898,36.4,-0.598195910453796,152242727700.0,46.2307185004451,3.93485789816799,238.89140296106,4.98775005340576,6237676.0
Nepal,NPL,2003,14778085.6065136,0.233443620739643,39.6,-0.800985097885132,162098078300.0,44.2478836156195,3.07030496732148,246.429706587633,4.91134977340698,6361849.0
Nepal,NPL,2004,-417346.383904295,-0.00573755737053384,37.2,-0.955853760242462,190371625100.0,46.1472867206087,4.16642715074835,279.587750044428,5.69477987289429,6483894.0
Nepal,NPL,2005,2451784.70709983,0.030156295078659,46.1,-0.861349403858185,208387708700.0,44.0629474798613,6.11939040793636,309.024168339372,7.15422010421753,6600031.0
Nepal,NPL,2006,-6647983.90370767,-0.073509433259411,51.2,-0.924164414405823,217630914600.0,44.7619877569242,7.36003927902544,340.431796437968,7.62671995162964,6709291.0
Nepal,NPL,2007,5741706.05320872,0.0556064154566332,52.6,-0.724708914756775,228570533300.0,44.5792750200254,7.60328894061151,385.449767660642,9.50374031066895,6814461.0
Nepal,NPL,2008,995123.930669508,0.00793215735192788,56.0,-0.815914392471313,296261892300.0,46.0362063511913,5.61985452382142,464.817391891529,10.4749002456665,6923924.0
Nepal,NPL,2009,38271269.9748301,0.297715388957693,59.3,-0.965407252311707,321699108700.0,47.0794477633688,15.9083302102455,473.078751198621,10.4467401504517,7038992.0
Nepal,NPL,2010,87741711.6305985,0.548294665887946,68.6,-0.896736919879913,432486533700.0,45.9849057742707,15.1469324490072,585.278491984574,13.3236488235053,7158341.0
Nepal,NPL,2011,94022157.1167851,0.435814930594323,67.3,-0.920482873916626,433623556126.078,36.296758890097,26.3973066649675,785.518656222132,13.2867385971183,7256378.0
Nepal,NPL,2012,91954196.0964528,0.42369151125933,75.2,-0.989905714988708,453543947778.968,37.921906058758,7.7411500296797,788.202937148377,14.37934746619035,7316791.0
Nepal,NPL,2013,74179632.6147952,0.334712330597339,77.4,-0.933889985084534,493898743868.205,41.8653757376722,7.08265099891379,803.269595420477,15.4719563352624,7357452.0
Nepal,NPL,2014,30402676.784735,0.133746236524448,84.9,-0.863811731338501,567566809062.169,45.9826416115927,8.03536619587905,821.455224911731,13.2380540463977,7408274.0
Nepal,NPL,2015,51895699.9282915,0.213029527712984,82.0,-1.1360867023468,607188370052.861,46.6657303895158,4.40904543328786,875.543635474862,12.282886814704,7493338.0
Nepal,NPL,2016,105996375.590658,0.432212944008614,90.7,-0.893620848655701,560903843021.581,42.115486124737,7.15033478751282,877.256454696737,11.0932748536215,7565879.0
Nepal,NPL,2017,196265098.563574,0.677439884182991,86.6,-0.941260457038879,870362581142.034,44.6424106224996,8.26141254915089,1034.28374906846,11.4357824790838,7596203.0
Nepal,NPL,2018,68261793.9439986,0.206157201926214,93.9,-0.954740226268768,976405956553.838,48.4473869461067,4.3558584680418,1179.19843190389,12.613695863565,7630668.0
Nepal,NPL,2019,185563265.634425,0.542801979747667,89.9,-1.09231221675873,1085030486427.05,49.2495265874454,4.69115593292496,1203.14294706401,13.8072821953912,7802999.0
Nepal,NPL,2020,126626337.460302,0.378739091402959,89.9,-0.985120117664337,795614267566.516,40.9188741243442,3.21740233241114,1154.21517578318,14.2002391888535,7977675.0
Nepal,NPL,2021,196326024.034829,0.531690906776232,89.9,-0.929678738117218,1041194132076.64,43.0538047919129,6.76271216331268,1252.75076731986,15.243139284484,8226953.0
Nepal,NPL,2022,66059660.947571,0.160405404733603,91.3,-0.918098270893097,1163038706819.41,48.9734014799428,8.24119195502549,1385.91066274851,14.8435874359729,8325856.0
Nepal,NPL,2023,74821496.0370769,0.182279066044198,94.0,-0.807803750038147,955821991695.853,41.5701502933145,5.74902859335131,1382.33055769304,19.0357612047581,8335831.0
Pakistan,PAK,2000,308000000.0,0.309595026317044,72.8,-0.492341905832291,2750111689200.0,21.4599638884654,68.0104449967103,642.338346499898,2.37435007095337,44283074.0
Pakistan,PAK,2001,378000000.0,0.38910658649849,73.9,-0.5209116190671925,2881020002800.0,23.5772074298467,6.01279243381738,609.939506905073,2.37435007095337,45850789.0
Pakistan,PAK,2002,826000000.0,0.843517300073237,74.9,-0.549481332302094,2820304770200.0,23.1290159545291,3.92137857065688,599.937345723927,2.37435007095337,47266464.0
Pakistan,PAK,2003,534000000.0,0.475207711805665,76.0,-0.586459815502167,3071074777300.0,24.6501585248398,3.55265807996106,672.44178669894,2.37435007095337,48816449.0
Pakistan,PAK,2004,1118000000.0,0.845585701616171,77.0,-0.543261051177979,3361721632100.0,24.8083348519064,7.25134298416322,771.902247348954,2.97886991500854,50561804.0
Pakistan,PAK,2005,2201000000.0,1.51575083116461,78.1,-0.457726120948792,3671931317700.0,29.8784940550747,5.55608176808067,827.619861189926,4.32808017730713,51855384.0
Pakistan,PAK,2006,4273000000.0,2.63975006245443,79.1,-0.383815377950668,4327123747200.0,33.0497193672284,5.99763817670407,900.873564984808,4.39564990997315,53143744.0
Pakistan,PAK,2007,5590000000.0,3.03571933817685,80.2,-0.489426851272583,4477887257100.0,30.7878814312746,10.3313245916728,998.090114197524,4.95792007446289,55026645.0
Pakistan,PAK,2008,5438000000.0,2.68936656124595,81.4,-0.73821085691452,4637363271400.0,34.3489608135242,10.9204672720775,1067.04324565284,4.87824010848999,56978123.0
Pakistan,PAK,2009,2338000000.0,1.24801305527951,82.5,-0.812300384044647,4477333285200.0,33.3268872863988,12.3746262931271,963.788066395225,5.97273015975952,59305908.0
Pakistan,PAK,2010,2022000000.0,1.02791108080423,87.1,-0.775662660598755,4172534805800.0,31.9890020462315,10.5886442624245,987.304571124485,7.03303843576596,61633684.0
Pakistan,PAK,2011,1326000000.0,0.575055145839944,87.8,-0.833723247051239,3862429236200.0,32.3626382751438,16.4109562675144,1131.73513834324,7.31739557390399,62965404.0
Pakistan,PAK,2012,859000000.0,0.343453048660945,88.6,-0.783729493618011,4001746428300.0,31.3189732760076,9.91831543776397,1204.36475491585,8.33303617018241,64736311.0
Pakistan,PAK,2013,1333000000.0,0.515353849332245,89.3,-0.798744976520538,4108512441600.0,30.8902743401844,7.38310696738498,1225.4340119198,8.71835995772812,66307781.0
Pakistan,PAK,2014,1887000000.0,0.695308116834202,90.1,-0.762600779533386,4249720692000.0,29.4698256903998,7.20976543926079,1266.61340849959,8.74569228544475,66802824.0
Pakistan,PAK,2015,1673000000.0,0.557734356032139,91.0,-0.709552943706512,4782668823200.0,26.6881860172247,4.44198033438504,1380.47020838317,8.43556648904153,69229075.0
Pakistan,PAK,2016,2576000000.0,0.821349998064174,91.8,-0.700057625770569,5214980653600.0,24.7015780480573,0.922163326262009,1424.69161195897,8.31973903550878,69799389.0
Pakistan,PAK,2017,2496000000.0,0.735837049658425,92.7,-0.634695649147034,5601581717500.0,25.472035002344,4.02974599325579,1519.23459514248,8.62228080260493,70494278.0
Pakistan,PAK,2018,1737000000.0,0.487745750658143,93.4,-0.666645467281342,6153970501500.0,27.6260570796337,3.84178663274797,1569.33814626355,8.20683057963381,71401725.0
Pakistan,PAK,2019,2234000000.0,0.696146480411465,93.9,-0.718214333057404,5557257118000.0,28.9055769867032,9.03633484170507,1390.41690981745,11.103638528678,73727954.0
Pakistan,PAK,2020,2057000000.0,0.684695289874347,94.5,-0.571128666400909,5220581106100.0,26.7162807328814,9.9444982105729,1278.39735206896,11.7245978752314,75332749.0
Pakistan,PAK,2021,2147000000.0,0.616039439073827,94.9,-0.438822388648987,5429827851590.17,27.0304204125548,10.2673420806694,1455.31922370186,12.3810012807012,78814704.0
Pakistan,PAK,2022,1462000000.0,0.389980753542853,95.0,-0.624728679656982,5679485622913.16,33.031353478032,13.9370112392938,1538.3228133171,10.5057175294292,80064041.0
Pakistan,PAK,2023,2048000000.0,0.608281270820624,95.6,-0.577790379524231,4877070483314.44,28.4676925469837,26.0156920088641,1360.32417758419,10.4770304814137,81613188.0
Philippines,PHL,2000,1487000000.0,1.77722452613512,74.7,-0.204128161072731,1133523874300.0,85.1533684600039,5.81693354424897,1050.79273107952,28.6476802825928,29661770.0
Philippines,PHL,2001,760000000.0,0.96298544393499,75.7,-0.19155161082744598,1365843762000.0,84.9003886237531,5.61886228085811,969.530611744453,28.6476802825928,30515119.0
Philippines,PHL,2002,1769000000.0,2.09827504516588,76.7,-0.178975060582161,1457469767100.0,83.8448040937789,4.23109181372058,1014.90879320106,28.3481502532959,31307312.0
Philippines,PHL,2003,492000000.0,0.565263243432102,76.6,-0.147018894553185,1451518822700.0,87.5746443636636,3.19213132949372,1027.2301192843,27.230110168457,32101597.0
Philippines,PHL,2004,592000000.0,0.623144777963454,87.6,-0.221789807081223,1540626001800.0,87.1252848232048,5.89075853406953,1099.63013023758,26.5457592010498,33146452.0
Philippines,PHL,2005,1664000000.0,1.54906009249231,79.8,-0.0164202656596899,1473798260200.0,83.8456745708051,5.91089344785409,1220.46018559867,25.823429107666,34017208.0
Philippines,PHL,2006,2707414996.79964,2.12091886479217,80.2,-0.134328275918961,1321763162400.0,80.8505386728775,5.11158666295037,1426.14649179546,26.2468109130859,34684599.0
Philippines,PHL,2007,2918724840.50407,1.87121245887706,82.0,0.106631629168987,1431930246900.0,73.6449799920629,3.16428975494875,1712.65543282793,26.687900543212848,35381465.0
Philippines,PHL,2008,1340027563.20325,0.737800589215242,83.3,0.0476356446743011,1815253894200.0,67.6810707730401,7.17921618315836,1959.29233534978,27.1289901733398,36070857.0
Philippines,PHL,2009,2064620677.76657,1.17324821246427,84.3,0.0282764304429293,1706366845200.0,60.8865907869758,2.73825856642382,1864.45043406471,26.6055793762207,37120751.0
Philippines,PHL,2010,1070386939.91896,0.513698049517659,85.5,0.0709009245038033,2226120831900.0,66.1042785137797,4.37088436444888,2162.91375885614,27.7549235195177,38110500.0
Philippines,PHL,2011,2007150725.40003,0.856963002985963,87.2,0.189581170678139,2169604419400.0,60.7958366999075,3.91880577530506,2383.91892522087,29.0709151463153,39596984.0
Philippines,PHL,2012,3215415155.43566,1.22763000703119,87.1,0.205686181783676,2287334967800.0,57.8420055133082,1.99417609680252,2614.61644401308,29.6298942276846,40289936.0
Philippines,PHL,2013,3737371739.84519,1.31642638378197,87.5,0.205928966403008,2709182905300.0,55.8247812320298,2.0610633590687,2781.27957677397,31.8704183328366,41114722.0
Philippines,PHL,2014,5739574024.13183,1.92937522802216,89.8,0.31771445274353,2933448470700.0,57.4681720875945,3.05305530085906,2866.83803761407,33.8741923214799,42543143.0
Philippines,PHL,2015,5639155961.87389,1.84018010717942,89.1,0.160157755017281,3326756400100.0,59.1415921053094,-0.719682789735927,2909.85818010301,35.8745887819664,42976583.0
Philippines,PHL,2016,8279548274.88501,2.59850803494211,92.0,0.0184973310679197,4018374754900.0,61.7760657653871,1.28031174373962,2985.19564024046,38.3447414525513,44089437.0
Philippines,PHL,2017,10256442398.8834,3.12238778404896,93.0,-0.0349111147224903,4456327663100.0,68.1683697426727,2.32025994608939,3038.12124959289,33.6841018682349,43266495.0
Philippines,PHL,2018,9948598823.96867,2.86833826070497,94.2,0.062349122017622,4959105466100.0,72.1633982990273,3.74065383022071,3168.51036609727,28.1166228592308,44041398.0
Philippines,PHL,2019,8671365873.65689,2.30117498598294,95.3,0.059953011572361,5132349167000.0,68.8418422595678,0.697076297419486,3400.78949767074,30.0548680110365,45267971.0
Philippines,PHL,2020,6822133290.81919,1.88586363211171,96.4,0.0678123831748962,3375832641000.0,58.1695603022281,1.65049018681367,3227.57910235199,31.6317598507085,42533348.0
Philippines,PHL,2021,11983363327.4771,3.04078855310045,97.5,0.0347901321947575,4051797697600.0,63.4846098136712,2.28247846258142,3484.38593882819,33.6166173848126,44699749.0
Philippines,PHL,2022,9492234668.1091,2.3475097233369,94.8,0.063930444419384,4606648231200.0,72.4296836107599,5.48864820202009,3548.06930572116,38.4011392706768,49481401.0
Philippines,PHL,2023,8925128471.59541,2.0421035482067,98.0,0.154091909527779,4896652323900.0,67.4199693173966,4.60143307078241,3804.08274131097,44.2394203278519,50378922.0
Saudi Arabia,SAU,2000,-1881066666.66666,-0.9925690992161,100.0,-0.229407846927643,219159000000.0,68.1664488005167,11.9091729389784,11714.5623675159,28.3759498596191,4891476.0
Saudi Arabia,SAU,2001,19640000.0,0.0106659367777141,100.0,-0.2836263179779055,212574000000.0,63.5605836794513,-3.17108517276721,10805.311325122,27.2377300262451,5136870.0
Saudi Arabia,SAU,2002,-614133333.333333,-0.323899963714203,100.0,-0.337844789028168,255047000000.0,64.5927974099254,3.68340962494604,10586.0543471363,25.1049709320068,5431092.0
Saudi Arabia,SAU,2003,-586506666.666666,-0.271772775519938,100.0,-0.366576313972473,263025000000.0,69.831170708742,4.64323555039678,11487.220410693,26.6230297088623,5785353.0
Saudi Arabia,SAU,2004,-334320000.0,-0.129209725410009,100.0,-0.386468946933746,325306000000.0,75.0828366569341,10.3688079757525,13154.4978989446,26.2631301879883,6176510.0
Saudi Arabia,SAU,2005,4385456396.44642,1.33515850333851,100.0,-0.391905188560486,392257000000.0,81.9540759410158,19.7288448310483,15975.7473782258,25.1983699798584,6604532.0
Saudi Arabia,SAU,2006,5975887388.89812,1.58553602335569,100.0,-0.198544204235077,521918000000.0,89.9446046768984,11.0053340909618,17563.6145370639,24.5137691497803,7069191.0
Saudi Arabia,SAU,2007,6175321114.57165,1.48457884530209,100.0,-0.136533141136169,644371000000.0,94.8633170967657,8.04654705838685,18596.1502627898,24.3000392913818,7548942.0
Saudi Arabia,SAU,2008,5505983968.58641,1.05925699592349,100.0,-0.109230503439903,837887000000.0,96.1026308742185,17.7028867929995,22320.4888964331,24.4659805297852,8067087.0
Saudi Arabia,SAU,2009,436351281.582906,0.10169038708409,100.0,-0.110996946692467,809131000000.0,84.8583415624843,-16.5588399323366,17718.3911648365,25.0353107452393,8586196.0
Saudi Arabia,SAU,2010,4878894395.25169,0.923670092367435,100.0,-0.0236956626176834,906661000000.0,82.5496850227537,17.19132715029,22028.3901426586,29.3244802795728,8924741.0
Saudi Arabia,SAU,2011,4683855881.26771,0.688133631504519,100.0,-0.317042857408524,1007880000000.0,84.3594342438995,15.3040052686061,27126.7498747702,33.1453704833984,9790087.0
Saudi Arabia,SAU,2012,5035060850.94588,0.669626013751334,100.0,0.01908940076828,1056977000000.0,81.74067854616,4.45127893899043,28733.4375513452,39.7956809997559,10684948.0
Saudi Arabia,SAU,2013,3371408456.52722,0.437984195574321,100.0,0.057302076369524,1059937000000.0,80.2515014286783,-0.557375756926916,27865.465604962,46.1803092956543,11714121.0
Saudi Arabia,SAU,2014,1509063087.30334,0.191711517264834,100.0,0.192474737763405,1154333000000.0,78.000111117736,-1.69629054707285,27805.4850319422,53.1803840195563,12334605.0
Saudi Arabia,SAU,2015,3970644084.62136,0.572622097928938,100.0,0.154987290501595,1185860000000.0,67.1052692300592,-15.826929193662,23256.1549553531,57.0892771397236,13349016.0
Saudi Arabia,SAU,2016,21954833889.956,3.18518611850268,99.9,0.214122653007507,1018567000000.0,57.9216635110364,-2.26181980307467,22267.7217050387,63.9826623355369,14104287.0
Saudi Arabia,SAU,2017,1014062501.14036,0.136801407151884,100.0,0.210743635892868,990757000000.0,59.5319791578229,6.28576392488583,23929.2907135982,70.7471342981424,13674850.0
Saudi Arabia,SAU,2018,12141122232.9039,1.36945683303735,99.9,0.273804366588593,977878000000.0,59.1029104697141,15.8625882829175,29360.0658968566,73.1971736383918,13337661.0
Saudi Arabia,SAU,2019,3079217251.32355,0.346411455797861,100.0,0.261275202035904,1119575000000.0,56.7938204886513,-1.36673070628761,29566.7933827436,77.9664942011008,13661774.0
Saudi Arabia,SAU,2020,1621264195.43532,0.211115523412857,100.0,0.113618113100529,904827000000.0,47.533159225048,-10.1884717880763,24338.8307301067,73.7510866368859,14673206.0
Saudi Arabia,SAU,2021,28350373333.3333,2.8850612174452,100.0,0.464676141738892,1095162000000.0,50.8839263398787,20.12699452585,31920.7653655643,71.5417709350586,14623231.0
Saudi Arabia,SAU,2022,26710062133.3333,2.1556449627378,100.0,0.582258403301239,1267684000000.0,56.8241647749332,12.5832067060847,38510.2276211037,69.3457565307617,15469059.0
Saudi Arabia,SAU,2023,22803498160.5828,1.87131032249407,100.0,0.796441078186035,1334425000000.0,54.1690118283683,-2.18444626235993,36156.848337701,69.3457565307617,16713756.0
Tajikistan,TJK,2000,23543300.0,2.73586929115128,98.5,-1.15839385986328,168200000.0,175.351206134214,22.631873605948,136.925716400723,17.1997108459473,1995679.0
Tajikistan,TJK,2001,9495400.0,0.878575236633123,98.6,-1.199777245521545,188848000.0,146.657305562056,30.947706315931,168.676285365186,16.7238998413086,2062032.0
Tajikistan,TJK,2002,36066400.0,2.95358416825764,99.0,-1.24116063117981,177711900.0,138.6839688324,18.8197026147069,186.951638285222,16.9350700378418,2130435.0
Tajikistan,TJK,2003,31649700.0,2.03493399294115,100.0,-1.14207339286804,194203500.0,137.669592976856,27.0864689117309,233.58124845289,18.3057403564453,2199613.0
Tajikistan,TJK,2004,272025100.0,13.1022122444311,98.5,-0.978848516941071,253513200.0,128.338170674363,17.4315785210811,305.745158587502,19.5840606689453,2183109.0
Tajikistan,TJK,2005,54479300.0,2.35601238535648,99.3,-1.15841937065125,143803800.0,126.994699303416,9.51432466210065,333.927150941684,20.1519508361816,2160857.0
Tajikistan,TJK,2006,338627400.0,11.9647283955266,98.6,-1.07245790958405,130982900.0,141.153912074728,21.0624388683286,401.018403316427,21.302490234375,2131688.0
Tajikistan,TJK,2007,359967400.0,9.67777994325544,98.6,-1.12784206867218,236956200.0,145.528099715723,27.2380030941036,516.997210618914,22.2864494323731,2095011.0
Tajikistan,TJK,2008,486614340.0,9.42813566158299,98.6,-1.09022438526154,239083400.0,114.480149093579,28.1634875601911,703.327375898643,22.7512302398682,2051949.0
Tajikistan,TJK,2009,149060550.0,2.993500899093,99.0,-1.12183570861816,236565400.0,85.9781370434108,12.1262014941935,664.795655734657,22.5239295959473,2005435.0
Tajikistan,TJK,2010,93940670.0,1.6649590356128,98.8,-0.931619644165039,250523500.0,73.493044509473,12.4616677349709,737.338883219356,22.8308906555176,2035779.0
Tajikistan,TJK,2011,145883670.0,2.23653413214552,98.9,-0.957298815250397,264481700.0,79.7842446734572,13.3243555693147,833.601978202852,22.3199405670166,2064762.0
Tajikistan,TJK,2012,241736370.0,3.16697499395782,99.1,-0.936370611190796,278439800.0,83.1759445401528,11.8685155888293,952.452819695469,22.6923599243164,2096722.0
Tajikistan,TJK,2013,283140730.0,3.351407966942,99.0,-1.06848573684692,292397900.0,71.7437428882341,3.63300945054496,1028.19704279396,22.6164398193359,2133789.0
Tajikistan,TJK,2014,326593810.0,3.58397838530001,99.1,-0.792752921581268,343859900.0,54.6071596053705,4.76666135833671,1081.54402932039,24.2260093688965,2171321.0
Tajikistan,TJK,2015,454012320.0,5.48892076080458,98.0,-0.904914379119873,430512600.0,49.9378160689555,6.86625094979701,956.916310930656,26.0669097900391,2207719.0
Tajikistan,TJK,2016,241616267.20903,3.45540459636672,99.3,-1.0909241437912,402098800.0,55.7246446907573,0.541389756844993,788.710481734485,28.5179100036621,2243295.0
Tajikistan,TJK,2017,185827080.700794,2.46572647891723,99.3,-1.18244826793671,353846900.0,53.7861046057767,9.80546714084267,829.45714764957,30.2374706268311,2252648.0
Tajikistan,TJK,2018,220862232.3377,2.84433010113639,99.3,-1.16375720500946,444077900.0,55.8461114113303,2.49222755648458,834.288404578801,31.714195691084434,2253700.0
Tajikistan,TJK,2019,212809730.699296,2.5637213527723,99.4,-1.11675369739532,483600800.0,56.0450159145896,3.65868395013121,871.022372934846,33.19092075533777,2253843.0
Tajikistan,TJK,2020,106534792.807916,1.30975252279444,99.5,-0.759225845336914,461355200.0,55.7491040194954,1.65596010469615,834.311715460625,34.6676458195911,2279405.0
Tajikistan,TJK,2021,84038181.4649617,0.94025522151091,99.6,-0.645049810409546,516717800.0,71.825937435383,10.0445095549154,896.748053372182,37.4220713871838,2344147.0
Tajikistan,TJK,2022,174022240.52391,1.62432287476597,100.0,-0.757130861282349,578207300.0,65.4355115893577,8.26227281475744,1052.17949484894,37.2834392884446,2442377.0
Tajikistan,TJK,2023,140579836.626079,1.14813698883392,100.0,-0.772318005561829,520964700.0,65.6347010367354,3.74356638768383,1178.47990060249,34.9689625947729,2513014.0
Viet Nam,VNM,2000,1298000000.0,4.16392407955693,88.2,-0.394297510385513,341251945770000.0,111.417094419512,3.40882766527606,404.029784055118,9.24740982055664,38790735.0
Viet Nam,VNM,2001,1300000000.0,3.97733545270572,88.9,-0.4158070534467695,377998565330000.0,111.955937998525,2.62226478436138,419.205677580901,9.30103015899658,40511879.0
Viet Nam,VNM,2002,1400000000.0,3.99268705133996,89.1,-0.437316596508026,426099014400000.0,116.696868652499,4.69892816201967,445.132861817313,9.55722999572754,41102232.0
Viet Nam,VNM,2003,1450000000.0,3.66601229989583,90.3,-0.402854233980179,476643500810000.0,124.327954439125,7.10960246291481,497.117089249256,9.91792964935303,41746162.0
Viet Nam,VNM,2004,1610000000.0,3.54408107288199,91.0,-0.47920498251915,526885541810000.0,133.016497868747,8.43331213209085,565.452284586212,12.896975040435764,42508994.0
Viet Nam,VNM,2005,1954000000.0,3.39040363930871,96.1,-0.228448659181595,585636890120000.0,130.714846045026,18.8105195707697,710.746759994861,15.8760204315185,43513617.0
Viet Nam,VNM,2006,2400000000.0,3.61600090432522,96.0,-0.24698968231678,654938946880000.0,138.313621869598,8.56894797603766,807.756645117054,16.8052501678467,44781401.0
Viet Nam,VNM,2007,6700000000.0,8.65471771434805,93.1,-0.225955650210381,830451456830000.0,154.605383996554,9.63022561216118,925.640338348717,18.9504508972168,46296491.0
Viet Nam,VNM,2008,9579000000.0,9.6630390545572,93.8,-0.199574172496796,882589334240000.0,154.317479627758,22.6733161746106,1163.83195772873,20.0552005767822,47894666.0
Viet Nam,VNM,2009,7600000000.0,7.16881988884276,96.1,-0.245095103979111,920649839590000.0,134.706317721758,6.21562315120568,1226.16976051536,21.5007190704346,49267257.0
Viet Nam,VNM,2010,8000000000.0,5.4347392933443,97.4,-0.242955058813095,1016456504618400.0,113.977687539714,42.3032672488557,1683.16182443979,23.9250975429329,50303014.0
Viet Nam,VNM,2011,7430000000.0,4.30487434902161,99.0,-0.209270849823952,972409966959700.0,125.260577940829,21.4136792818177,1950.92504174913,25.8674734818525,51197726.0
Viet Nam,VNM,2012,8368000000.0,4.27832287681174,97.9,-0.248135596513748,998061342377900.0,123.224116745985,9.07766069025038,2185.11767654291,25.7487091222031,51916391.0
Viet Nam,VNM,2013,8900000000.0,4.16454517277325,98.5,-0.245401605963707,1057070176245400.0,130.846354866743,4.03852363752276,2359.51736472828,25.6249412769592,53209344.0
Viet Nam,VNM,2014,9200000000.0,3.94086189051961,99.2,-0.0470734238624573,1152974361245900.0,135.410521454361,3.69813796808818,2546.38464459903,31.3306389293887,53885546.0
Viet Nam,VNM,2015,11800000000.0,4.93190773329022,99.3,0.0631621554493904,1263994946125000.0,144.914228195237,-1.71651170749655,2577.56885340113,29.7250797402999,54628714.0
Viet Nam,VNM,2016,12600000000.0,4.90089302916746,99.2,-0.0174771249294281,1388646515668000.0,145.409507973118,1.81953592779914,2735.0604380416,29.0811980839409,54888312.0
Viet Nam,VNM,2017,14100000000.0,5.01148721749681,100.0,-0.0333407856523991,1530910008935400.0,160.98008365887,4.36292014766431,2956.10992127753,25.9526307046456,55533898.0
Viet Nam,VNM,2018,15500000000.0,4.99828319622328,100.0,-0.0117206163704395,1653605396488200.0,164.663936775893,3.62664730027259,3222.31003125366,28.088374945523498,56235855.0
Viet Nam,VNM,2019,16120000000.0,4.821074861051,99.4,0.0278810821473598,1777370444947100.0,164.704215031408,2.42322694229267,3440.90025375434,30.2241191864014,56180127.0
Viet Nam,VNM,2020,15800000000.0,4.55836196782424,99.8,0.193557769060135,1850454244961400.0,163.245862814935,1.46747814810814,3534.03953482647,36.0898081529531,55149609.0
Viet Nam,VNM,2021,15660000000.0,4.27314566190187,100.0,0.243436112999916,1911195913900200.0,186.675832836814,2.88076792900642,3704.1935590038,41.9554971195048,55299911.0
Viet Nam,VNM,2022,17900000000.0,4.32947308910883,100.0,0.174635261297226,2019204750000000.0,183.153619147836,4.4428330495189,4147.69777213621,44.7536854027422,56475416.0
Viet Nam,VNM,2023,18500000000.0,4.26407109843686,99.8,0.126466900110245,2101983510000000.0,164.818071269894,2.09339091583757,4323.35031982451,32.8415128147815,56381956.0
